<?xml version="1.0" encoding="UTF-8"?>
<project-private xmlns="http://www.netbeans.org/ns/project-private/1">
    <editor-bookmarks xmlns="http://www.netbeans.org/ns/editor-bookmarks/2" lastBookmarkId="0"/>
    <open-files xmlns="http://www.netbeans.org/ns/projectui-open-files/2">
        <group>
            <file>file:/C:/Users/DELL/Documents/NetBeansProjects/DemoProject/src/Server/ServerMain.java</file>
            <file>file:/C:/Users/DELL/Documents/NetBeansProjects/DemoProject/src/util/Information.java</file>
            <file>file:/C:/Users/DELL/Documents/NetBeansProjects/DemoProject/src/util/Reader.java</file>
            <file>file:/C:/Users/DELL/Documents/NetBeansProjects/DemoProject/src/Server/ReaderWriterServer.java</file>
            <file>file:/C:/Users/DELL/Documents/NetBeansProjects/DemoProject/src/demoproject/CSSFile.css</file>
            <file>file:/C:/Users/DELL/Documents/NetBeansProjects/DemoProject/src/demoproject/DemoProject.java</file>
            <file>file:/C:/Users/DELL/Documents/NetBeansProjects/DemoProject/src/Server/CreateConnection.java</file>
        </group>
    </open-files>
</project-private>
